symbol,code,name,close,float_cap_yi,avg_turnover_60,listing_days,drawdown_pct,box_amp_pct,ma_spread_pct,trial_count,l1_price,l2_price,hard_stop_price,is_divergence,action_signal
sz002866,002866,传艺科技,15.36,28.23,4.69,320,-48.8,22.5,0.86,4,13.3,13.73,13.1,✔ 是,👀 筑底观察中
sh600771,600771,广誉远,13.89,67.99,1.82,320,-40.0,21.9,1.1,2,13.15,13.59,12.95,✔ 是,👀 筑底观察中
sh600557,600557,康缘药业,12.1,68.51,1.51,320,-40.1,16.8,1.3,1,11.79,12.16,11.61,✘ 否,👀 筑底观察中
sz300047,300047,天源迪科,9.08,52.72,3.01,320,-57.3,21.0,1.3,1,8.68,8.85,8.55,✔ 是,👀 筑底观察中
sz300287,300287,飞利信,3.59,47.49,3.53,320,-49.4,32.2,1.42,5,3.35,3.45,3.3,✔ 是,👀 筑底观察中
sz001237,001237,惠康科技,49.38,17.21,5.33,91,-69.3,36.1,1.83,3,48.02,48.88,47.3,✔ 是,👀 筑底观察中
sz000036,000036,华联控股,4.21,59.07,2.17,320,-46.1,34.7,1.86,4,3.69,3.8,3.63,✔ 是,👀 筑底观察中
sz301632,301632,广东建科,13.16,24.19,2.21,276,-71.8,29.0,2.07,2,12.71,12.82,12.52,✔ 是,👀 筑底观察中
bj920175,920175,东方碳素,7.51,5.95,2.13,320,-52.7,37.1,2.25,2,7.28,7.46,7.17,✔ 是,👀 筑底观察中
sh601908,601908,京运通,2.91,70.26,1.5,320,-45.6,21.4,2.25,1,2.8,2.84,2.76,✔ 是,👀 筑底观察中
sz002123,002123,梦网科技,7.66,55.19,3.57,320,-55.9,30.4,2.25,4,7.3,7.4,7.19,✘ 否,👀 筑底观察中
sz301263,301263,泰恩康,19.07,69.47,1.51,320,-54.9,24.8,2.26,2,18.1,18.51,17.83,✔ 是,👀 筑底观察中
sz300494,300494,盛天网络,7.98,31.79,2.63,320,-51.0,34.0,2.56,1,7.55,7.76,7.44,✔ 是,👀 筑底观察中
bj920086,920086,科马材料,19.65,5.38,2.38,171,-75.4,22.4,2.58,1,19.28,19.68,18.99,✔ 是,👀 筑底观察中
sz300075,300075,数字政通,10.77,56.51,2.35,320,-44.9,25.4,2.88,2,9.95,10.02,9.8,✔ 是,👀 筑底观察中
sh688050,688050,爱博医疗,38.0,73.51,1.64,320,-54.7,21.5,2.9,1,37.01,38.25,36.45,✔ 是,👀 筑底观察中
sz300678,300678,中科信息,20.94,61.3,1.92,320,-49.5,20.0,2.9,1,20.72,20.46,20.15,✔ 是,👀 筑底观察中
bj920062,920062,科润智控,7.01,9.36,1.7,320,-50.4,31.6,2.91,1,6.91,6.86,6.76,✔ 是,👀 筑底观察中
sz300242,300242,佳云科技,3.95,25.06,3.5,320,-42.3,35.3,2.96,4,3.71,3.82,3.65,✔ 是,👀 筑底观察中
sz300783,300783,三只松鼠,16.33,45.77,2.44,320,-43.7,18.2,3.18,1,15.75,16.23,15.51,✔ 是,👀 筑底观察中
