code,name,close,pct_chg,vol_ratio,matched_rule,status_tag,bandwidth(%),converged_mas,listing_days
300183,东软载波,11.39,9.2,3.56,4线向上汇聚,标准放量突破,1.16,"MA20,MA30,MA10,MA5",321
300410,正业科技,8.65,6.79,2.39,4线向上汇聚,标准放量突破,3.72,"MA30,MA20,MA10,MA5",321
002735,王子新材,13.23,5.84,2.35,4线向上汇聚,标准放量突破,3.66,"MA30,MA20,MA10,MA5",321
300292,吴通控股,4.59,5.03,2.36,4线向上汇聚,标准放量突破,2.23,"MA30,MA20,MA10,MA5",321
002617,露笑科技,6.64,4.57,1.77,4线向上汇聚,标准放量突破,1.93,"MA20,MA10,MA30,MA5",321
300121,阳谷华泰,10.06,4.14,2.37,4线向上汇聚,标准放量突破,1.02,"MA30,MA20,MA10,MA5",321
300099,尤洛卡,6.67,4.06,1.63,4线向上汇聚,标准放量突破,3.85,"MA20,MA30,MA10,MA5",321
000151,中成股份,10.66,3.39,2.69,4线向上汇聚,标准放量突破,2.77,"MA30,MA20,MA10,MA5",321
300565,科信技术,10.24,2.5,1.79,4线向上汇聚,标准放量突破,2.49,"MA30,MA20,MA5,MA10",321
603291,联合水务,9.32,2.31,1.51,4线向上汇聚,标准放量突破,1.67,"MA30,MA10,MA20,MA5",321
002600,领益智造,13.1,2.02,1.64,4线向上汇聚,标准放量突破,1.18,"MA20,MA30,MA10,MA5",321
600310,广西能源,4.9,1.66,2.13,4线向上汇聚,标准放量突破,2.53,"MA60,MA250,MA20,MA30",321
688267,中触媒,19.93,1.53,1.62,4线向上汇聚,标准放量突破,3.19,"MA30,MA20,MA10,MA5",321
000561,烽火电子,7.97,1.4,1.73,4线向上汇聚,标准放量突破,2.22,"MA30,MA20,MA10,MA5",321
603051,鹿山新材,22.78,1.06,1.46,4线向上汇聚,标准放量突破,2.24,"MA30,MA20,MA120,MA10",321
002560,通达股份,6.88,10.08,2.54,4线汇聚(涨停豁免向上),涨停+放量双共振,2.21,"MA20,MA30,MA10,MA5",321
002242,九阳股份,9.74,10.06,2.23,4线汇聚(涨停豁免向上),涨停+放量双共振,2.79,"MA60,MA10,MA20,MA30",321
605069,正和生态,11.5,10.05,2.01,4线汇聚(涨停豁免向上),涨停+放量双共振,0.62,"MA20,MA30,MA10,MA5",321
002848,高斯贝尔,15.24,10.04,3.13,4线汇聚(涨停豁免向上),涨停+放量双共振,3.55,"MA20,MA10,MA5,MA120",321
601199,江南水务,6.47,10.03,2.72,4线汇聚(涨停豁免向上),涨停+放量双共振,3.65,"MA250,MA120,MA60,MA5",321
603386,骏亚科技,16.46,10.03,2.45,4线汇聚(涨停豁免向上),涨停+放量双共振,3.15,"MA20,MA60,MA10,MA250",321
002902,铭普光磁,30.86,10.02,1.44,4线汇聚(涨停豁免向上),涨停+放量双共振,2.86,"MA250,MA30,MA60,MA20",321
600184,光电股份,19.98,10.02,2.18,4线汇聚(涨停豁免向上),涨停+放量双共振,3.26,"MA30,MA20,MA10,MA5",321
600237,铜峰电子,9.22,10.02,2.48,4线汇聚(涨停豁免向上),涨停+放量双共振,0.76,"MA10,MA20,MA5,MA30",321
603936,博敏电子,20.88,10.01,1.56,4线汇聚(涨停豁免向上),涨停+放量双共振,2.44,"MA20,MA10,MA60,MA120",321
603938,三孚股份,49.56,10.01,0.96,4线汇聚(涨停豁免向上),涨停蓄势(免放量),2.61,"MA120,MA30,MA20,MA10",321
600410,华胜天成,15.42,9.99,1.89,4线汇聚(涨停豁免向上),涨停+放量双共振,3.29,"MA20,MA10,MA5,MA30",321
002218,拓日新能,4.41,9.98,3.12,4线汇聚(涨停豁免向上),涨停+放量双共振,3.56,"MA60,MA20,MA10,MA30",321
603136,天目湖,10.58,9.98,3.04,4线汇聚(涨停豁免向上),涨停+放量双共振,3.99,"MA30,MA20,MA120,MA10",321
605088,冠盛股份,22.48,9.98,1.23,4线汇聚(涨停豁免向上),涨停蓄势(免放量),3.04,"MA20,MA30,MA10,MA5",321
603693,江苏新能,12.8,9.97,2.96,4线汇聚(涨停豁免向上),涨停+放量双共振,2.55,"MA20,MA10,MA30,MA5",321
603601,再升科技,10.79,8.33,2.48,4线汇聚(涨停豁免向上),涨停+放量双共振,3.4,"MA20,MA30,MA10,MA5",321
688151,华强科技,17.82,7.61,2.27,4线汇聚(涨停豁免向上),涨停+放量双共振,2.49,"MA20,MA30,MA10,MA5",321
603533,掌阅科技,25.04,6.64,1.39,4线汇聚(涨停豁免向上),涨停蓄势(免放量),1.85,"MA20,MA30,MA250,MA120",321
300408,三环集团,124.36,5.66,1.49,4线汇聚(涨停豁免向上),涨停+放量双共振,3.48,"MA20,MA10,MA5,MA30",321
603285,键邦股份,35.52,5.65,1.48,4线汇聚(涨停豁免向上),涨停+放量双共振,2.92,"MA10,MA5,MA250,MA30",321
688519,南亚新材,327.07,5.65,1.37,4线汇聚(涨停豁免向上),涨停蓄势(免放量),2.36,"MA20,MA10,MA60,MA5",321
300922,天秦装备,19.86,5.64,1.27,4线汇聚(涨停豁免向上),涨停蓄势(免放量),3.77,"MA20,MA120,MA5,MA10",321
301566,达利凯普,25.65,5.56,2.02,4线汇聚(涨停豁免向上),涨停+放量双共振,1.79,"MA10,MA5,MA20,MA30",321
600468,百利电气,6.65,5.56,2.0,4线汇聚(涨停豁免向上),涨停+放量双共振,2.67,"MA20,MA30,MA10,MA5",321
002194,武汉凡谷,11.46,5.52,1.91,4线汇聚(涨停豁免向上),涨停+放量双共振,3.45,"MA30,MA20,MA10,MA120",321
600105,永鼎股份,42.2,4.51,1.5,4线汇聚(涨停豁免向上),涨停+放量双共振,3.55,"MA30,MA10,MA20,MA5",321
600596,新安股份,12.49,3.91,1.05,4线汇聚(涨停豁免向上),涨停蓄势(免放量),3.27,"MA250,MA60,MA5,MA120",321
601218,吉鑫科技,4.8,3.67,2.68,4线汇聚(涨停豁免向上),涨停+放量双共振,3.35,"MA60,MA20,MA30,MA10",321
002134,天津普林,23.22,3.66,1.53,4线汇聚(涨停豁免向上),涨停+放量双共振,3.49,"MA30,MA20,MA5,MA10",321
603376,大明电子,29.13,3.52,1.75,4线汇聚(涨停豁免向上),涨停+放量双共振,3.58,"MA20,MA10,MA5,MA120",209
301270,汉仪股份,32.38,3.45,2.21,4线汇聚(涨停豁免向上),涨停+放量双共振,3.17,"MA120,MA5,MA10,MA20",321
688011,新光光电,82.8,3.29,1.56,4线汇聚(涨停豁免向上),涨停+放量双共振,1.28,"MA30,MA20,MA10,MA5",321
605319,无锡振华,26.5,3.27,1.6,4线汇聚(涨停豁免向上),涨停+放量双共振,3.78,"MA120,MA30,MA20,MA5",321
000722,湖南发展,15.21,3.19,2.8,4线汇聚(涨停豁免向上),涨停+放量双共振,3.65,"MA60,MA250,MA20,MA30",321
603353,和顺石油,39.25,3.15,1.02,4线汇聚(涨停豁免向上),涨停蓄势(免放量),3.97,"MA30,MA250,MA60,MA20",321
000720,新能泰山,3.98,3.11,1.93,4线汇聚(涨停豁免向上),涨停+放量双共振,1.76,"MA30,MA20,MA10,MA5",321
300502,新易盛,423.0,2.94,1.17,4线汇聚(涨停豁免向上),涨停蓄势(免放量),2.97,"MA10,MA20,MA30,MA5",321
300414,中光防雷,11.9,2.85,1.89,4线汇聚(涨停豁免向上),涨停+放量双共振,3.08,"MA60,MA20,MA30,MA10",321
603803,瑞斯康达,11.44,2.79,1.57,4线汇聚(涨停豁免向上),涨停+放量双共振,3.79,"MA60,MA30,MA20,MA10",321
600176,中国巨石,44.66,2.76,1.3,4线汇聚(涨停豁免向上),涨停蓄势(免放量),3.55,"MA120,MA30,MA20,MA5",321
688216,气派科技,33.72,2.43,1.62,4线汇聚(涨停豁免向上),涨停+放量双共振,3.54,"MA30,MA20,MA10,MA5",321
002498,汉缆股份,7.0,2.34,1.34,4线汇聚(涨停豁免向上),涨停蓄势(免放量),2.64,"MA20,MA60,MA10,MA30",321
603115,海星股份,88.25,2.34,0.99,4线汇聚(涨停豁免向上),涨停蓄势(免放量),3.25,"MA120,MA30,MA20,MA10",321
002088,鲁阳节能,8.23,2.24,2.14,4线汇聚(涨停豁免向上),涨停+放量双共振,2.29,"MA30,MA5,MA10,MA20",321
002579,中京电子,17.08,2.09,1.4,4线汇聚(涨停豁免向上),涨停蓄势(免放量),3.98,"MA120,MA20,MA60,MA10",321
300843,胜蓝股份,128.57,1.47,1.21,4线汇聚(涨停豁免向上),涨停蓄势(免放量),1.47,"MA5,MA30,MA10,MA60",321
601611,中国核建,11.19,1.45,1.27,4线汇聚(涨停豁免向上),涨停蓄势(免放量),2.04,"MA60,MA10,MA20,MA5",321
000862,银星能源,5.62,1.44,1.92,4线汇聚(涨停豁免向上),涨停+放量双共振,3.01,"MA60,MA20,MA10,MA30",321
002669,康达新材,12.5,1.38,1.28,4线汇聚(涨停豁免向上),涨停蓄势(免放量),2.02,"MA20,MA30,MA10,MA5",321
600345,长江通信,54.62,1.37,0.93,4线汇聚(涨停豁免向上),涨停蓄势(免放量),3.88,"MA10,MA120,MA60,MA5",321
603313,梦百合,6.77,1.35,0.88,4线汇聚(涨停豁免向上),涨停蓄势(免放量),3.64,"MA60,MA30,MA20,MA120",321
002916,深南电路,396.68,1.11,0.95,4线汇聚(涨停豁免向上),涨停蓄势(免放量),3.79,"MA30,MA20,MA10,MA60",321
300846,首都在线,19.91,1.01,1.37,4线汇聚(涨停豁免向上),涨停蓄势(免放量),2.92,"MA20,MA5,MA10,MA30",321
600178,东安动力,10.04,1.01,1.08,4线汇聚(涨停豁免向上),涨停蓄势(免放量),3.1,"MA30,MA20,MA120,MA10",321
001388,信通电子,22.82,0.97,1.79,4线汇聚(涨停豁免向上),涨停+放量双共振,3.43,"MA60,MA20,MA10,MA5",295
300317,珈伟新能,4.39,0.92,1.72,4线汇聚(涨停豁免向上),涨停+放量双共振,1.45,"MA10,MA20,MA5,MA60",321
002938,鹏鼎控股,92.65,0.87,0.94,4线汇聚(涨停豁免向上),涨停蓄势(免放量),2.38,"MA10,MA20,MA30,MA5",321
603389,亚振家居,45.78,0.77,1.08,4线汇聚(涨停豁免向上),涨停蓄势(免放量),0.87,"MA10,MA5,MA30,MA20",321
002972,科安达,13.22,0.76,0.84,4线汇聚(涨停豁免向上),涨停蓄势(免放量),2.12,"MA250,MA10,MA20,MA30",321
300850,新强联,28.36,0.6,1.38,4线汇聚(涨停豁免向上),涨停蓄势(免放量),3.74,"MA20,MA60,MA30,MA10",321
001389,广合科技,175.0,0.57,1.0,4线汇聚(涨停豁免向上),涨停蓄势(免放量),3.41,"MA20,MA30,MA10,MA120",321
603458,勘设股份,11.07,0.45,0.82,4线汇聚(涨停豁免向上),涨停蓄势(免放量),3.62,"MA20,MA60,MA250,MA10",321
603139,康惠股份,39.13,0.44,1.17,4线汇聚(涨停豁免向上),涨停蓄势(免放量),3.59,"MA120,MA30,MA20,MA60",321
600400,红豆股份,3.14,0.32,0.91,4线汇聚(涨停豁免向上),涨停蓄势(免放量),1.58,"MA60,MA10,MA20,MA30",321
603615,茶花股份,18.87,0.27,0.98,4线汇聚(涨停豁免向上),涨停蓄势(免放量),3.68,"MA20,MA120,MA10,MA5",321
002463,沪电股份,128.25,0.26,0.8,4线汇聚(涨停豁免向上),涨停蓄势(免放量),3.69,"MA30,MA20,MA10,MA60",321
300688,创业黑马,32.15,0.16,1.42,4线汇聚(涨停豁免向上),涨停+放量双共振,1.06,"MA20,MA10,MA5,MA30",321
002309,中利集团,3.04,0.0,1.22,4线汇聚(涨停豁免向上),涨停蓄势(免放量),1.96,"MA60,MA10,MA20,MA5",321
300062,中能电气,6.62,0.0,1.56,4线汇聚(涨停豁免向上),涨停+放量双共振,2.98,"MA20,MA10,MA5,MA30",321
300563,神宇股份,27.92,19.98,2.32,5线粘合汇聚,涨停+放量双共振,2.73,"MA30,MA20,MA5,MA60,MA10",321
688367,工大高科,32.12,12.74,2.04,5线粘合汇聚,涨停+放量双共振,1.39,"MA5,MA20,MA10,MA30,MA60",321
603336,宏辉果蔬,10.09,10.03,1.36,5线粘合汇聚,涨停蓄势(免放量),1.99,"MA20,MA250,MA10,MA120,MA30",321
600207,安彩高科,4.94,10.02,1.7,5线粘合汇聚,涨停+放量双共振,3.25,"MA30,MA20,MA10,MA60,MA5",321
603439,三力制药,12.54,10.0,1.92,5线粘合汇聚,涨停+放量双共振,1.55,"MA60,MA10,MA30,MA5,MA250",321
605011,杭州热电,19.03,10.0,2.02,5线粘合汇聚,涨停+放量双共振,3.05,"MA20,MA60,MA10,MA30,MA5",321
688581,安杰思,55.4,9.79,3.86,5线粘合汇聚,标准放量突破,1.8,"MA10,MA5,MA20,MA30,MA60",321
300196,长海股份,18.79,8.36,2.27,5线粘合汇聚,标准放量突破,3.45,"MA10,MA20,MA30,MA5,MA250",321
300991,创益通,30.11,8.0,1.97,5线粘合汇聚,标准放量突破,2.82,"MA30,MA10,MA20,MA5,MA60",321
603678,火炬电子,49.7,6.04,1.9,5线粘合汇聚,涨停+放量双共振,3.29,"MA10,MA5,MA20,MA120,MA30",321
600032,浙江新能,7.44,5.53,2.74,5线粘合汇聚,涨停+放量双共振,2.96,"MA20,MA10,MA5,MA30,MA60",321
301456,盘古智能,23.9,4.73,2.49,5线粘合汇聚,标准放量突破,2.22,"MA60,MA5,MA20,MA30,MA10",321
002296,辉煌科技,9.45,4.54,3.02,5线粘合汇聚,标准放量突破,2.67,"MA60,MA30,MA20,MA10,MA5",321
002130,沃尔核材,17.93,4.43,1.94,5线粘合汇聚,标准放量突破,2.35,"MA20,MA30,MA60,MA10,MA5",321
002508,老板电器,16.97,3.92,2.33,5线粘合汇聚,标准放量突破,3.18,"MA60,MA30,MA10,MA20,MA5",321
002613,北玻股份,3.66,3.68,2.19,5线粘合汇聚,标准放量突破,2.62,"MA30,MA20,MA60,MA10,MA5",321
600982,宁波能源,5.23,3.56,2.27,5线粘合汇聚,涨停+放量双共振,1.52,"MA20,MA60,MA10,MA250,MA30",321
920198,微创光电,8.14,3.43,1.43,5线粘合汇聚,标准放量突破,3.39,"MA20,MA30,MA120,MA5,MA10",320
601112,振石股份,16.11,3.4,2.47,5线粘合汇聚,标准放量突破,1.97,"MA30,MA20,MA10,MA5,MA60",151
300569,天能重工,4.97,3.33,2.57,5线粘合汇聚,标准放量突破,1.38,"MA20,MA10,MA60,MA5,MA30",321
003035,南网能源,5.98,3.1,2.16,5线粘合汇聚,涨停+放量双共振,2.91,"MA60,MA20,MA30,MA10,MA5",321
003007,直真科技,40.05,3.09,1.91,5线粘合汇聚,标准放量突破,2.55,"MA30,MA20,MA5,MA10,MA250",321
002510,天汽模,5.91,2.96,1.94,5线粘合汇聚,标准放量突破,3.0,"MA60,MA20,MA30,MA10,MA5",321
600973,宝胜股份,6.33,2.76,1.64,5线粘合汇聚,标准放量突破,0.24,"MA20,MA5,MA60,MA30,MA10",321
002212,天融信,6.73,2.75,1.3,5线粘合汇聚,涨停蓄势(免放量),3.08,"MA20,MA30,MA5,MA10,MA120",321
600100,同方股份,6.98,2.35,1.89,5线粘合汇聚,标准放量突破,1.17,"MA20,MA5,MA60,MA10,MA30",321
002108,沧州明珠,4.6,2.22,1.92,5线粘合汇聚,标准放量突破,2.73,"MA60,MA30,MA20,MA10,MA5",321
600676,久事动娱,6.85,2.09,1.59,5线粘合汇聚,标准放量突破,1.58,"MA20,MA5,MA60,MA10,MA30",321
603355,莱克电气,30.18,2.06,0.93,5线粘合汇聚,涨停蓄势(免放量),2.18,"MA120,MA30,MA20,MA250,MA10",321
000670,盈方微,7.37,1.94,1.57,5线粘合汇聚,涨停+放量双共振,3.05,"MA60,MA30,MA10,MA20,MA5",321
603712,七一二,12.03,1.86,1.68,5线粘合汇聚,标准放量突破,2.56,"MA20,MA30,MA10,MA60,MA5",321
002925,盈趣科技,23.51,1.82,1.54,5线粘合汇聚,涨停+放量双共振,2.29,"MA60,MA5,MA20,MA30,MA10",321
600198,大唐电信,8.15,1.75,1.67,5线粘合汇聚,涨停+放量双共振,3.36,"MA30,MA20,MA10,MA60,MA5",321
600016,民生银行,3.7,1.37,1.55,5线粘合汇聚,标准放量突破,3.2,"MA30,MA20,MA120,MA10,MA5",321
300051,琏升科技,8.61,1.29,1.56,5线粘合汇聚,标准放量突破,2.11,"MA60,MA10,MA5,MA20,MA30",321
600900,长江电力,28.45,1.28,1.47,5线粘合汇聚,标准放量突破,1.64,"MA60,MA5,MA30,MA20,MA10",321
600979,广安爱众,4.15,1.22,2.02,5线粘合汇聚,标准放量突破,2.27,"MA20,MA60,MA30,MA10,MA5",321
000531,穗恒运Ａ,5.86,1.03,1.66,5线粘合汇聚,标准放量突破,3.05,"MA20,MA10,MA30,MA5,MA60",321
300095,华伍股份,8.73,0.92,1.46,5线粘合汇聚,标准放量突破,3.28,"MA30,MA20,MA60,MA5,MA10",321
603666,亿嘉和,26.0,0.85,1.49,5线粘合汇聚,涨停+放量双共振,2.05,"MA60,MA10,MA30,MA5,MA20",321
300221,银禧科技,13.83,0.8,1.09,5线粘合汇聚,涨停蓄势(免放量),1.82,"MA30,MA10,MA60,MA20,MA5",321
603956,威派格,6.37,0.79,0.86,5线粘合汇聚,涨停蓄势(免放量),2.42,"MA60,MA10,MA250,MA5,MA20",321
002263,大东南,3.2,0.63,1.44,5线粘合汇聚,标准放量突破,3.3,"MA30,MA60,MA20,MA5,MA10",321
002039,黔源电力,19.56,0.15,1.66,5线粘合汇聚,标准放量突破,1.02,"MA20,MA5,MA10,MA30,MA60",321
