板块代码,板块名称,板块类别,综合打分,最大跌幅%,突破日期,突破价格,波段顶峰日期,波段底谷日期,最低点价格,MACD底背离,图表路径
BK0447,通信设备,行业板块,108,83.79,2026-09-01,0.662,2026-02-02,2026-07-30,0.542,是,/home/forelens/finanalyst/wavefive/output/charts/行业板块_BK0447_2026-09-01.png
BK0424,半导体,行业板块,95,70.39,2026-09-01,1.14,2026-07-01,2026-08-03,1.036,是,/home/forelens/finanalyst/wavefive/output/charts/行业板块_BK0424_2026-09-01.png
BK0737,软件开发,行业板块,67,42.39,2026-09-01,0.695,2026-01-14,2026-07-27,0.636,是,/home/forelens/finanalyst/wavefive/output/charts/行业板块_BK0737_2026-09-01.png
BK0425,元件,行业板块,65,40.6,2026-09-01,1.131,2026-07-01,2026-08-03,1.027,是,/home/forelens/finanalyst/wavefive/output/charts/行业板块_BK0425_2026-09-01.png
BK1032,风电设备,行业板块,63,38.25,2026-09-01,2.962,2026-06-25,2026-07-30,2.485,是,/home/forelens/finanalyst/wavefive/output/charts/行业板块_BK1032_2026-09-01.png
BK0480,航天航空,行业板块,63,38.54,2026-09-01,1.141,2026-01-12,2026-07-20,1.035,是,/home/forelens/finanalyst/wavefive/output/charts/行业板块_BK0480_2026-09-01.png
BK0448,消费电子,行业板块,62,37.74,2026-09-01,1.357,2026-07-01,2026-07-30,1.219,是,/home/forelens/finanalyst/wavefive/output/charts/行业板块_BK0448_2026-09-01.png
BK1031,光伏设备,行业板块,60,35.73,2026-09-01,0.826,2026-03-11,2026-07-20,0.77,是,/home/forelens/finanalyst/wavefive/output/charts/行业板块_BK1031_2026-09-01.png
BK1029,电池,行业板块,58,33.67,2026-09-01,0.922,2026-05-06,2026-09-16,0.845,是,/home/forelens/finanalyst/wavefive/output/charts/行业板块_BK1029_2026-09-01.png
BK0968,锂电池,概念板块,58,33.17,2026-09-01,0.746,2026-05-06,2026-09-16,0.683,是,/home/forelens/finanalyst/wavefive/output/charts/概念板块_BK0968_2026-09-01.png
BK1106,创新药,概念板块,57,32.06,2026-09-01,1.288,2026-01-14,2026-06-09,0.958,是,/home/forelens/finanalyst/wavefive/output/charts/概念板块_BK1106_2026-09-01.png
BK0437,汽车零部件,行业板块,56,31.43,2026-09-01,1.315,2026-01-22,2026-07-20,1.213,是,/home/forelens/finanalyst/wavefive/output/charts/行业板块_BK0437_2026-09-01.png
BK0727,医疗器械,行业板块,55,30.04,2026-09-01,0.447,2026-01-14,2026-06-29,0.396,是,/home/forelens/finanalyst/wavefive/output/charts/行业板块_BK0727_2026-09-01.png
BK0474,有色金属,行业板块,54,39.98,2026-09-01,1.935,2026-01-29,2026-07-20,1.605,是,/home/forelens/finanalyst/wavefive/output/charts/行业板块_BK0474_2026-09-01.png
BK0900,人工智能,概念板块,54,29.38,2026-09-01,1.038,2026-07-01,2026-07-30,0.935,是,/home/forelens/finanalyst/wavefive/output/charts/概念板块_BK0900_2026-09-01.png
BK1117,人形机器人,概念板块,52,27.41,2026-09-01,0.964,2026-05-21,2026-07-30,0.895,是,/home/forelens/finanalyst/wavefive/output/charts/概念板块_BK1117_2026-09-01.png
BK0938,信创,概念板块,50,25.4,2026-09-01,1.392,2026-01-14,2026-09-11,1.272,是,/home/forelens/finanalyst/wavefive/output/charts/概念板块_BK0938_2026-09-01.png
BK0456,计算机设备,行业板块,49,24.56,2026-09-01,0.996,2026-01-14,2026-09-14,0.909,是,/home/forelens/finanalyst/wavefive/output/charts/行业板块_BK0456_2026-09-01.png
BK0465,化学制药,行业板块,49,24.64,2026-09-01,0.378,2026-01-13,2026-06-09,0.315,是,/home/forelens/finanalyst/wavefive/output/charts/行业板块_BK0465_2026-09-01.png
BK0476,证券,行业板块,47,22.9,2026-09-01,1.113,2026-01-06,2026-06-09,0.993,是,/home/forelens/finanalyst/wavefive/output/charts/行业板块_BK0476_2026-09-01.png
BK0980,储能,概念板块,46,31.44,2026-09-01,9.098,2026-01-29,2026-06-30,8.205,是,/home/forelens/finanalyst/wavefive/output/charts/概念板块_BK0980_2026-09-01.png
BK0436,白酒,行业板块,43,28.81,2026-09-01,0.674,2025-12-01,2026-06-29,0.593,是,/home/forelens/finanalyst/wavefive/output/charts/行业板块_BK0436_2026-09-01.png
BK0422,煤炭行业,行业板块,42,27.42,2026-09-01,1.342,2026-06-04,2026-06-30,1.059,是,/home/forelens/finanalyst/wavefive/output/charts/行业板块_BK0422_2026-09-01.png
BK0804,高端装备,概念板块,42,27.2,2026-09-01,0.917,2026-05-14,2026-09-16,0.859,是,/home/forelens/finanalyst/wavefive/output/charts/概念板块_BK0804_2026-09-01.png
BK1200,电力设备,行业板块,36,21.14,2026-09-01,1.049,2026-06-03,2026-07-09,0.996,是,/home/forelens/finanalyst/wavefive/output/charts/行业板块_BK1200_2026-09-01.png
