symbol,name,date,signal_type,close,t1_price,t2_price,t1_rsi,t2_rsi,strategy,p1_price,p2_price,p1_rsi,p2_rsi,confirm_ma
bj920003,中诚咨询,2026-09-24,BOTTOM_DIVERGENCE_BUY,16.5,15.0,14.82,30.89,45.4,Strategy_B_Divergence,,,,,
bj920015,锦华新材,2026-09-24,BOTTOM_DIVERGENCE_BUY,45.32,36.68,35.4,20.61,39.02,Strategy_B_Divergence,,,,,
bj920200,振宏股份,2026-09-24,BOTTOM_DIVERGENCE_BUY,33.1,25.9,25.45,22.7,50.46,Strategy_B_Divergence,,,,,
bj920438,戈碧迦,2026-09-24,BOTTOM_DIVERGENCE_BUY,117.31,95.38,86.2,28.12,31.86,Strategy_B_Divergence,,,,,
bj920982,锦波生物,2026-09-24,BOTTOM_DIVERGENCE_BUY,123.4,117.0,110.38,19.53,32.3,Strategy_B_Divergence,,,,,
sh600121,郑州煤电,2026-09-24,TOP_DIVERGENCE_EXIT,4.9,,,,,Strategy_B_Divergence,5.94,6.25,83.25,72.68,4.92
sh600276,恒瑞医药,2026-09-24,BOTTOM_DIVERGENCE_BUY,44.86,45.36,41.89,19.95,24.53,Strategy_B_Divergence,,,,,
sh600360,华微电子,2026-09-24,BOTTOM_DIVERGENCE_BUY,11.67,9.62,9.49,27.15,44.84,Strategy_B_Divergence,,,,,
sh600367,红星发展,2026-09-24,TOP_DIVERGENCE_EXIT,36.55,,,,,Strategy_B_Divergence,40.88,43.66,87.7,71.55,36.86
sh600418,江淮汽车,2026-09-24,BOTTOM_DIVERGENCE_BUY,22.93,19.99,18.59,21.44,35.9,Strategy_B_Divergence,,,,,
sh600540,新赛股份,2026-09-24,TOP_DIVERGENCE_EXIT,5.43,,,,,Strategy_B_Divergence,6.73,7.48,85.49,73.35,5.57
sh600547,山东黄金,2026-09-24,TOP_DIVERGENCE_EXIT,29.07,,,,,Strategy_B_Divergence,38.14,38.75,78.17,74.97,33.26
sh600552,凯盛科技,2026-09-24,BOTTOM_DIVERGENCE_BUY,18.2,16.46,16.03,29.34,41.47,Strategy_B_Divergence,,,,,
sh600641,先导基电,2026-09-24,BOTTOM_DIVERGENCE_BUY,51.56,29.33,28.1,27.39,39.65,Strategy_B_Divergence,,,,,
sh600699,均胜电子,2026-09-24,BOTTOM_DIVERGENCE_BUY,22.62,18.7,17.8,21.12,36.87,Strategy_B_Divergence,,,,,
sh600722,金牛化工,2026-09-24,TOP_DIVERGENCE_EXIT,15.12,,,,,Strategy_B_Divergence,19.86,21.21,81.15,77.89,16.28
sh600845,宝信软件,2026-09-24,BOTTOM_DIVERGENCE_BUY,18.26,17.05,16.61,22.13,32.97,Strategy_B_Divergence,,,,,
sh601018,宁波港,2026-09-24,TOP_DIVERGENCE_EXIT,3.4,,,,,Strategy_B_Divergence,3.54,3.57,72.97,69.05,3.45
sh601133,柏诚股份,2026-09-24,BOTTOM_DIVERGENCE_BUY,25.05,23.07,22.08,24.6,35.84,Strategy_B_Divergence,,,,,
sh601162,天风证券,2026-09-24,TOP_DIVERGENCE_EXIT,3.6,,,,,Strategy_B_Divergence,3.88,3.91,70.17,57.35,3.67
sh601156,东航物流,2026-09-24,TOP_DIVERGENCE_EXIT,18.21,,,,,Strategy_B_Divergence,19.15,19.46,70.4,64.75,18.39
sh601567,三星电气,2026-09-24,BOTTOM_DIVERGENCE_BUY,16.25,14.3,12.83,21.8,45.54,Strategy_B_Divergence,,,,,
sh601700,风范股份,2026-09-24,TOP_DIVERGENCE_EXIT,6.25,,,,,Strategy_B_Divergence,7.94,8.78,69.05,56.63,6.66
sh601858,中国科传,2026-09-24,BOTTOM_DIVERGENCE_BUY,20.9,20.67,19.45,20.32,36.71,Strategy_B_Divergence,,,,,
sh603092,德力佳,2026-09-24,BOTTOM_DIVERGENCE_BUY,45.85,40.81,40.32,16.06,46.98,Strategy_B_Divergence,,,,,
sh603222,济民健康,2026-09-24,BOTTOM_DIVERGENCE_BUY,8.27,7.95,7.53,28.12,31.39,Strategy_B_Divergence,,,,,
sh603281,江瀚新材,2026-09-24,BOTTOM_DIVERGENCE_BUY,18.96,18.8,18.01,23.88,41.34,Strategy_B_Divergence,,,,,
sh603311,金海高科,2026-09-24,BOTTOM_DIVERGENCE_BUY,25.89,26.1,24.17,26.12,34.05,Strategy_B_Divergence,,,,,
sh603324,盛剑科技,2026-09-24,BOTTOM_DIVERGENCE_BUY,26.51,25.3,23.95,21.12,31.81,Strategy_B_Divergence,,,,,
sh603337,杰克科技,2026-09-24,BOTTOM_DIVERGENCE_BUY,37.04,37.47,35.51,30.64,43.58,Strategy_B_Divergence,,,,,
sh603407,长裕集团,2026-09-24,BOTTOM_DIVERGENCE_BUY,61.5,51.7,50.2,21.1,37.3,Strategy_B_Divergence,,,,,
sh603501,豪威集团,2026-09-24,BOTTOM_DIVERGENCE_BUY,81.4,78.7,75.85,25.06,27.37,Strategy_B_Divergence,,,,,
sh603655,朗博科技,2026-09-24,BOTTOM_DIVERGENCE_BUY,32.66,29.03,28.14,21.09,30.43,Strategy_B_Divergence,,,,,
sh603662,柯力传感,2026-09-24,BOTTOM_DIVERGENCE_BUY,49.31,46.96,46.04,31.11,45.36,Strategy_B_Divergence,,,,,
sh603683,晶华新材,2026-09-24,TOP_DIVERGENCE_EXIT,16.19,,,,,Strategy_B_Divergence,17.27,17.66,68.56,62.46,16.26
sh603690,至纯科技,2026-09-24,BOTTOM_DIVERGENCE_BUY,24.3,23.07,22.41,27.16,34.8,Strategy_B_Divergence,,,,,
sh603669,灵康药业,2026-09-24,BOTTOM_DIVERGENCE_BUY,5.9,5.17,4.98,23.61,39.2,Strategy_B_Divergence,,,,,
sh603773,沃格光电,2026-09-24,BOTTOM_DIVERGENCE_BUY,97.7,83.25,80.84,29.56,36.53,Strategy_B_Divergence,,,,,
sh603928,兴业股份,2026-09-24,BOTTOM_DIVERGENCE_BUY,12.32,11.26,10.84,14.34,22.76,Strategy_B_Divergence,,,,,
sh605588,冠石科技,2026-09-24,BOTTOM_DIVERGENCE_BUY,47.14,44.7,42.24,31.07,33.82,Strategy_B_Divergence,,,,,
sh688008,澜起科技,2026-09-24,BOTTOM_DIVERGENCE_BUY,214.5,185.8,183.21,31.35,41.8,Strategy_B_Divergence,,,,,
sh688027,国盾量子,2026-09-24,BOTTOM_DIVERGENCE_BUY,364.0,361.0,339.9,28.33,34.84,Strategy_B_Divergence,,,,,
sh688036,传音控股,2026-09-24,BOTTOM_DIVERGENCE_BUY,54.92,53.9,51.06,16.71,24.52,Strategy_B_Divergence,,,,,
sh688041,海光信息,2026-09-24,BOTTOM_DIVERGENCE_BUY,248.3,225.75,220.77,18.45,42.42,Strategy_B_Divergence,,,,,
sh688046,药康生物,2026-09-24,BOTTOM_DIVERGENCE_BUY,35.92,30.43,28.91,15.56,30.54,Strategy_B_Divergence,,,,,
sh688047,龙芯中科,2026-09-24,BOTTOM_DIVERGENCE_BUY,104.7,100.7,95.51,30.7,34.9,Strategy_B_Divergence,,,,,
sh688056,莱伯泰科,2026-09-24,BOTTOM_DIVERGENCE_BUY,58.24,39.71,38.0,29.95,42.77,Strategy_B_Divergence,,,,,
sh688079,美迪凯,2026-09-24,BOTTOM_DIVERGENCE_BUY,17.51,14.71,13.89,29.24,38.18,Strategy_B_Divergence,,,,,
sh688131,皓元医药,2026-09-24,BOTTOM_DIVERGENCE_BUY,103.54,88.01,85.2,31.01,42.4,Strategy_B_Divergence,,,,,
sh688133,泰坦科技,2026-09-24,BOTTOM_DIVERGENCE_BUY,22.7,20.08,19.01,29.3,31.63,Strategy_B_Divergence,,,,,
sh688179,阿拉丁,2026-09-24,BOTTOM_DIVERGENCE_BUY,24.84,18.42,18.01,12.25,28.27,Strategy_B_Divergence,,,,,
sh688197,首药控股-U,2026-09-24,BOTTOM_DIVERGENCE_BUY,37.72,31.43,30.5,29.45,37.09,Strategy_B_Divergence,,,,,
sh688210,统联精密,2026-09-24,TOP_DIVERGENCE_EXIT,28.92,,,,,Strategy_B_Divergence,33.36,34.96,69.34,64.02,29.37
sh688227,品高股份,2026-09-24,BOTTOM_DIVERGENCE_BUY,77.0,66.1,65.7,29.25,47.34,Strategy_B_Divergence,,,,,
sh688234,天岳先进,2026-09-24,BOTTOM_DIVERGENCE_BUY,110.35,96.44,91.66,23.11,33.68,Strategy_B_Divergence,,,,,
sh688253,英诺特,2026-09-24,BOTTOM_DIVERGENCE_BUY,57.1,52.6,52.11,14.18,43.65,Strategy_B_Divergence,,,,,
sh688257,新锐股份,2026-09-24,BOTTOM_DIVERGENCE_BUY,58.21,50.62,48.98,23.31,39.73,Strategy_B_Divergence,,,,,
sh688265,南模生物,2026-09-24,BOTTOM_DIVERGENCE_BUY,52.13,37.9,36.3,29.62,40.45,Strategy_B_Divergence,,,,,
sh688316,青云科技-U,2026-09-24,BOTTOM_DIVERGENCE_BUY,45.92,44.8,42.35,18.13,30.16,Strategy_B_Divergence,,,,,
sh688352,颀中科技,2026-09-24,BOTTOM_DIVERGENCE_BUY,19.09,16.25,15.92,28.3,40.24,Strategy_B_Divergence,,,,,
sh688350,富淼科技,2026-09-24,BOTTOM_DIVERGENCE_BUY,29.39,26.61,26.2,30.3,46.83,Strategy_B_Divergence,,,,,
sh688365,光云科技,2026-09-24,BOTTOM_DIVERGENCE_BUY,16.07,13.53,13.43,23.78,46.21,Strategy_B_Divergence,,,,,
sh688378,奥来德,2026-09-24,BOTTOM_DIVERGENCE_BUY,50.72,41.6,40.88,31.79,57.56,Strategy_B_Divergence,,,,,
sh688361,中科飞测,2026-09-24,BOTTOM_DIVERGENCE_BUY,370.3,297.0,289.57,30.73,35.3,Strategy_B_Divergence,,,,,
sh688401,路维光电,2026-09-24,BOTTOM_DIVERGENCE_BUY,70.76,62.8,61.83,27.9,39.1,Strategy_B_Divergence,,,,,
sh688478,晶升股份,2026-09-24,BOTTOM_DIVERGENCE_BUY,50.64,41.1,38.18,23.86,27.17,Strategy_B_Divergence,,,,,
sh688522,纳睿雷达,2026-09-24,BOTTOM_DIVERGENCE_BUY,18.4,17.65,17.13,31.65,43.59,Strategy_B_Divergence,,,,,
sh688548,广钢气体,2026-09-24,BOTTOM_DIVERGENCE_BUY,33.32,28.44,26.98,11.49,21.31,Strategy_B_Divergence,,,,,
sh688550,瑞联新材,2026-09-24,BOTTOM_DIVERGENCE_BUY,38.06,35.69,34.75,29.77,36.79,Strategy_B_Divergence,,,,,
sh688556,高测股份,2026-09-24,BOTTOM_DIVERGENCE_BUY,7.85,7.58,7.33,31.11,37.5,Strategy_B_Divergence,,,,,
sh688652,京仪装备,2026-09-24,BOTTOM_DIVERGENCE_BUY,144.05,126.01,121.8,25.88,30.71,Strategy_B_Divergence,,,,,
sh688623,双元科技,2026-09-24,BOTTOM_DIVERGENCE_BUY,64.67,55.21,53.95,18.89,40.74,Strategy_B_Divergence,,,,,
sh688689,银河微电,2026-09-24,BOTTOM_DIVERGENCE_BUY,41.65,36.93,34.88,31.95,35.49,Strategy_B_Divergence,,,,,
sh688691,灿芯股份,2026-09-24,BOTTOM_DIVERGENCE_BUY,64.35,60.63,57.18,29.39,39.29,Strategy_B_Divergence,,,,,
sh688699,明微电子,2026-09-24,BOTTOM_DIVERGENCE_BUY,68.65,56.5,53.2,29.01,39.81,Strategy_B_Divergence,,,,,
sh688711,宏微科技,2026-09-24,BOTTOM_DIVERGENCE_BUY,28.58,23.36,22.84,31.76,42.69,Strategy_B_Divergence,,,,,
sh688720,艾森股份,2026-09-24,BOTTOM_DIVERGENCE_BUY,67.8,57.0,56.0,21.37,35.5,Strategy_B_Divergence,,,,,
sh688721,龙图光罩,2026-09-24,BOTTOM_DIVERGENCE_BUY,41.58,37.01,36.23,25.0,35.05,Strategy_B_Divergence,,,,,
sh688733,壹石通,2026-09-24,BOTTOM_DIVERGENCE_BUY,29.15,27.81,26.5,21.77,35.22,Strategy_B_Divergence,,,,,
sh688786,悦安新材,2026-09-24,BOTTOM_DIVERGENCE_BUY,28.59,24.86,24.13,26.28,37.5,Strategy_B_Divergence,,,,,
sz000034,神州数码,2026-09-24,BOTTOM_DIVERGENCE_BUY,24.15,22.6,22.36,25.99,48.62,Strategy_B_Divergence,,,,,
sz000659,珠海中富,2026-09-24,TOP_DIVERGENCE_EXIT,2.7,,,,,Strategy_B_Divergence,3.07,3.11,75.0,69.32,2.83
sz000869,张  裕Ａ,2026-09-24,BOTTOM_DIVERGENCE_BUY,16.94,15.95,15.5,26.97,45.53,Strategy_B_Divergence,,,,,
sz000912,泸天化,2026-09-24,TOP_DIVERGENCE_EXIT,3.93,,,,,Strategy_B_Divergence,4.84,5.2,85.51,79.52,4.15
sz000967,盈峰环境,2026-09-24,BOTTOM_DIVERGENCE_BUY,8.15,7.96,7.68,30.0,46.41,Strategy_B_Divergence,,,,,
sz001270,铖昌科技,2026-09-24,BOTTOM_DIVERGENCE_BUY,99.26,95.2,93.65,22.84,43.98,Strategy_B_Divergence,,,,,
sz001287,中电港,2026-09-24,BOTTOM_DIVERGENCE_BUY,24.42,22.02,21.69,28.39,51.16,Strategy_B_Divergence,,,,,
sz001365,天海电子,2026-09-24,BOTTOM_DIVERGENCE_BUY,36.1,33.45,32.22,28.48,36.14,Strategy_B_Divergence,,,,,
sz002012,凯恩股份,2026-09-24,TOP_DIVERGENCE_EXIT,7.05,,,,,Strategy_B_Divergence,6.81,7.45,81.03,72.73,7.13
sz002164,宁波东力,2026-09-24,BOTTOM_DIVERGENCE_BUY,13.06,10.65,10.07,22.75,25.68,Strategy_B_Divergence,,,,,
sz002250,联化科技,2026-09-24,BOTTOM_DIVERGENCE_BUY,14.51,14.65,13.76,29.98,44.68,Strategy_B_Divergence,,,,,
sz002338,奥普光电,2026-09-24,BOTTOM_DIVERGENCE_BUY,45.85,40.24,38.71,21.67,28.32,Strategy_B_Divergence,,,,,
sz002348,高乐股份,2026-09-24,BOTTOM_DIVERGENCE_BUY,11.01,10.68,10.07,11.76,24.32,Strategy_B_Divergence,,,,,
sz002472,双环传动,2026-09-24,BOTTOM_DIVERGENCE_BUY,38.94,34.75,34.13,31.59,46.5,Strategy_B_Divergence,,,,,
sz002568,百润股份,2026-09-24,BOTTOM_DIVERGENCE_BUY,19.25,17.35,17.08,19.28,39.44,Strategy_B_Divergence,,,,,
sz002705,新宝股份,2026-09-24,BOTTOM_DIVERGENCE_BUY,11.77,10.97,10.88,29.73,47.41,Strategy_B_Divergence,,,,,
sz002721,金一文化,2026-09-24,TOP_DIVERGENCE_EXIT,2.66,,,,,Strategy_B_Divergence,3.23,3.31,87.39,63.07,2.78
sz002755,奥赛康,2026-09-24,BOTTOM_DIVERGENCE_BUY,12.6,11.26,11.02,28.44,40.7,Strategy_B_Divergence,,,,,
sz002773,康弘药业,2026-09-24,BOTTOM_DIVERGENCE_BUY,20.42,20.11,18.62,23.11,27.53,Strategy_B_Divergence,,,,,
sz002792,通宇通讯,2026-09-24,BOTTOM_DIVERGENCE_BUY,33.05,29.2,28.88,18.99,42.12,Strategy_B_Divergence,,,,,
sz002979,雷赛智能,2026-09-24,BOTTOM_DIVERGENCE_BUY,53.99,52.66,49.69,26.87,37.91,Strategy_B_Divergence,,,,,
sz002990,盛视科技,2026-09-24,BOTTOM_DIVERGENCE_BUY,56.45,46.32,45.1,24.31,47.46,Strategy_B_Divergence,,,,,
sz003026,中晶科技,2026-09-24,BOTTOM_DIVERGENCE_BUY,35.55,27.29,26.36,26.7,32.22,Strategy_B_Divergence,,,,,
sz003041,真爱美家,2026-09-24,BOTTOM_DIVERGENCE_BUY,41.31,37.67,36.7,24.47,42.34,Strategy_B_Divergence,,,,,
sz300007,汉威科技,2026-09-24,BOTTOM_DIVERGENCE_BUY,31.36,30.05,28.21,30.62,36.04,Strategy_B_Divergence,,,,,
sz300172,中电环保,2026-09-24,TOP_DIVERGENCE_EXIT,4.51,,,,,Strategy_B_Divergence,4.72,4.77,74.19,55.17,4.55
sz300191,潜能恒信,2026-09-24,TOP_DIVERGENCE_EXIT,31.11,,,,,Strategy_B_Divergence,34.75,39.27,70.5,67.24,33.22
sz300223,君正股份,2026-09-24,BOTTOM_DIVERGENCE_BUY,140.31,126.0,124.6,25.19,41.78,Strategy_B_Divergence,,,,,
sz300241,瑞丰光电,2026-09-24,TOP_DIVERGENCE_EXIT,5.71,,,,,Strategy_B_Divergence,6.0,6.05,71.24,50.45,5.83
sz300219,鸿利智汇,2026-09-24,TOP_DIVERGENCE_EXIT,6.75,,,,,Strategy_B_Divergence,7.17,7.21,72.52,54.12,6.9
sz300260,新莱应材,2026-09-24,BOTTOM_DIVERGENCE_BUY,62.0,53.18,50.24,24.97,30.57,Strategy_B_Divergence,,,,,
sz300253,卫宁健康,2026-09-24,BOTTOM_DIVERGENCE_BUY,6.9,6.73,6.53,27.98,45.45,Strategy_B_Divergence,,,,,
sz300188,国投智能,2026-09-24,BOTTOM_DIVERGENCE_BUY,10.51,10.22,9.97,27.75,37.19,Strategy_B_Divergence,,,,,
sz300404,博济医药,2026-09-24,BOTTOM_DIVERGENCE_BUY,14.44,12.28,11.85,12.81,27.11,Strategy_B_Divergence,,,,,
sz300398,飞凯材料,2026-09-24,BOTTOM_DIVERGENCE_BUY,37.77,31.79,31.6,23.01,38.41,Strategy_B_Divergence,,,,,
sz300397,天和防务,2026-09-24,BOTTOM_DIVERGENCE_BUY,12.12,10.75,10.5,31.0,43.03,Strategy_B_Divergence,,,,,
sz300433,蓝思科技,2026-09-24,TOP_DIVERGENCE_EXIT,32.87,,,,,Strategy_B_Divergence,39.22,40.09,68.84,61.61,34.62
sz300443,金雷股份,2026-09-24,BOTTOM_DIVERGENCE_BUY,19.95,18.52,18.16,27.79,34.21,Strategy_B_Divergence,,,,,
sz300566,激智科技,2026-09-24,BOTTOM_DIVERGENCE_BUY,26.14,24.12,23.35,21.72,31.3,Strategy_B_Divergence,,,,,
sz300602,飞荣达,2026-09-24,TOP_DIVERGENCE_EXIT,37.47,,,,,Strategy_B_Divergence,46.2,46.74,73.16,63.43,39.53
sz300632,光莆股份,2026-09-24,BOTTOM_DIVERGENCE_BUY,19.39,16.97,16.88,29.06,46.72,Strategy_B_Divergence,,,,,
sz300655,晶瑞电材,2026-09-24,BOTTOM_DIVERGENCE_BUY,13.34,11.95,11.88,24.26,42.43,Strategy_B_Divergence,,,,,
sz300671,富满微,2026-09-24,BOTTOM_DIVERGENCE_BUY,60.15,51.1,48.46,24.78,33.45,Strategy_B_Divergence,,,,,
sz300706,阿石创,2026-09-24,BOTTOM_DIVERGENCE_BUY,50.36,46.4,44.2,21.28,28.13,Strategy_B_Divergence,,,,,
sz300751,迈为股份,2026-09-24,TOP_DIVERGENCE_EXIT,194.5,,,,,Strategy_B_Divergence,212.97,231.3,73.26,68.24,197.92
sz300782,卓胜微,2026-09-24,BOTTOM_DIVERGENCE_BUY,75.78,71.07,69.43,29.68,43.33,Strategy_B_Divergence,,,,,
sz300821,东岳硅材,2026-09-24,BOTTOM_DIVERGENCE_BUY,15.51,14.75,14.07,28.01,31.59,Strategy_B_Divergence,,,,,
sz300827,上能电气,2026-09-24,BOTTOM_DIVERGENCE_BUY,25.31,23.9,23.46,26.27,36.1,Strategy_B_Divergence,,,,,
sz300896,爱美客,2026-09-24,BOTTOM_DIVERGENCE_BUY,92.26,91.0,87.2,28.89,33.27,Strategy_B_Divergence,,,,,
sz300953,震裕科技,2026-09-24,BOTTOM_DIVERGENCE_BUY,96.8,88.01,84.47,26.38,31.09,Strategy_B_Divergence,,,,,
sz300966,共同药业,2026-09-24,BOTTOM_DIVERGENCE_BUY,25.48,23.32,22.31,25.78,32.81,Strategy_B_Divergence,,,,,
sz301000,肇民科技,2026-09-24,BOTTOM_DIVERGENCE_BUY,24.39,23.26,22.38,29.69,41.79,Strategy_B_Divergence,,,,,
sz301045,天禄科技,2026-09-24,BOTTOM_DIVERGENCE_BUY,72.49,60.51,60.17,29.43,46.04,Strategy_B_Divergence,,,,,
sz301162,国能日新,2026-09-24,BOTTOM_DIVERGENCE_BUY,36.73,35.31,34.08,28.18,39.89,Strategy_B_Divergence,,,,,
sz301213,观想科技,2026-09-24,BOTTOM_DIVERGENCE_BUY,44.5,39.65,39.05,28.35,47.86,Strategy_B_Divergence,,,,,
sz301259,艾布鲁,2026-09-24,BOTTOM_DIVERGENCE_BUY,20.83,20.61,18.29,29.39,34.51,Strategy_B_Divergence,,,,,
sz301291,明阳电气,2026-09-24,BOTTOM_DIVERGENCE_BUY,35.11,32.06,31.45,21.44,28.34,Strategy_B_Divergence,,,,,
sz301349,信德新材,2026-09-24,BOTTOM_DIVERGENCE_BUY,46.15,41.81,40.08,30.32,38.94,Strategy_B_Divergence,,,,,
sz301393,昊帆生物,2026-09-24,BOTTOM_DIVERGENCE_BUY,66.98,55.31,54.1,23.85,30.0,Strategy_B_Divergence,,,,,
sz301458,钧崴电子,2026-09-24,BOTTOM_DIVERGENCE_BUY,38.79,35.0,34.2,31.89,50.3,Strategy_B_Divergence,,,,,
sz301498,乖宝宠物,2026-09-24,BOTTOM_DIVERGENCE_BUY,39.67,37.5,36.82,25.12,46.65,Strategy_B_Divergence,,,,,
sz301520,万邦医药,2026-09-24,BOTTOM_DIVERGENCE_BUY,74.19,54.6,52.5,31.26,33.82,Strategy_B_Divergence,,,,,
sz301633,港迪技术,2026-09-24,BOTTOM_DIVERGENCE_BUY,64.69,53.0,50.31,25.76,44.86,Strategy_B_Divergence,,,,,
