"代码","名称","最新价","90日最高换手(%)","30日最高换手(%)","30日峰值日期","当日换手(%)","近3日最低换手(%)","缩量倍数"
"301533","威马农机",28.69,32.13,32.13,"2026-08-28",2.43,2.43,13.22
"300603","立昂技术",8.05,22.14,22.14,"2026-08-14",1.68,1.68,13.18
"301077","星华新材",21.9,12.46,12.46,"2026-08-13",1.06,1.06,11.75
"000526","学大教育",36.26,15.36,15.36,"2026-08-20",2.27,1.35,11.4
"002660","茂硕电源",7.83,13.86,13.86,"2026-09-02",1.26,1.26,11.0
"000997","新 大 陆",19.53,9.02,9.02,"2026-08-26",0.9,0.84,10.71
"000678","襄阳轴承",9.68,10.98,10.98,"2026-08-17",5.8,1.05,10.45
"603767","中马传动",14.74,14.41,5.29,"2026-08-18",3.49,0.54,9.87
"603801","志邦家居",6.2,16.72,16.72,"2026-08-21",1.71,1.71,9.78
"601083","锦江航运",12.75,22.66,22.66,"2026-08-24",2.36,2.36,9.6
"002951","金时科技",16.98,9.4,6.74,"2026-08-17",3.5,0.73,9.22
"600833","第一医药",10.62,21.77,15.41,"2026-08-13",1.82,1.82,8.47
"600697","欧亚集团",11.38,26.27,26.27,"2026-09-15",3.98,3.12,8.41
"300307","慈星股份",7.23,10.98,8.99,"2026-08-19",1.09,1.08,8.31
"301598","博科测试",51.83,19.64,19.64,"2026-08-24",3.03,2.38,8.26
"000679","大连友谊",6.48,12.41,10.25,"2026-09-09",1.25,1.25,8.2
"300246","宝莱特",15.71,23.45,16.71,"2026-08-20",2.34,2.05,8.14
"603102","百合股份",37.5,15.94,15.94,"2026-08-20",1.98,1.98,8.05
"601177","杭齿前进",13.72,10.35,6.56,"2026-08-24",0.92,0.82,7.99
"605033","美邦股份",19.48,9.58,7.91,"2026-08-19",1.01,1.01,7.83
"001278","一彬科技",16.76,21.45,21.45,"2026-09-03",2.77,2.77,7.74
"603177","德创环保",11.11,11.27,11.27,"2026-08-17",1.6,1.51,7.46
"000831","中国稀土",53.9,9.65,8.56,"2026-08-14",1.59,1.16,7.36
"301129","瑞纳智能",24.16,17.12,17.12,"2026-08-21",2.52,2.33,7.33
"603382","海阳科技",19.16,10.1,10.1,"2026-08-19",1.73,1.39,7.26
"002031","巨轮智能",5.35,20.66,20.66,"2026-08-13",5.67,2.98,6.94
"300710","万隆光电",32.15,22.2,17.88,"2026-08-21",8.8,2.58,6.94
"002520","日发精机",6.46,24.66,16.79,"2026-08-14",7.41,2.45,6.87
"300506","名家汇",5.0,19.49,10.23,"2026-08-17",2.76,1.52,6.74
"603121","华培动力",13.14,9.11,9.11,"2026-08-27",3.26,1.36,6.69
"300626","华瑞股份",29.12,20.51,8.99,"2026-08-26",1.84,1.37,6.58
"603797","联泰环保",4.9,11.04,6.83,"2026-08-13",1.04,1.04,6.56
"300169","天晟新材",5.72,19.44,11.85,"2026-08-31",6.22,1.83,6.49
"001222","源飞宠物",15.62,17.9,17.9,"2026-09-07",2.79,2.76,6.48
"605299","舒华体育",12.62,13.48,11.31,"2026-09-03",2.36,1.76,6.44
